P,N,wall_s,comm_s
16,108,0.173195,0.096357
16,256,0.706827,0.111586
16,500,2.397116,0.194787
16,864,6.078818,0.232015
16,1372,14.017266,1.027438
16,2048,29.135018,6.167106
